customer_id,first_name,last_name,email,phone,city,state,country,registration_date
C001,John,Smith,john.smith@email.com,+1-555-0101,New York,NY,USA,2023-01-15
C002,Sarah,Johnson,sarah.j@email.com,+1-555-0102,Los Angeles,CA,USA,2023-02-20
C003,Michael,Williams,m.williams@email.com,+1-555-0103,Chicago,IL,USA,2023-03-10
C004,Emily,Brown,emily.b@email.com,+1-555-0104,Houston,TX,USA,2023-04-05
C005,David,Jones,david.jones@email.com,+1-555-0105,Phoenix,AZ,USA,2023-05-12
C006,Jessica,Garcia,jgarcia@email.com,+1-555-0106,Philadelphia,PA,USA,2023-06-18
C007,James,Miller,james.m@email.com,+1-555-0107,San Antonio,TX,USA,2023-07-22
C008,Ashley,Davis,ashley.d@email.com,+1-555-0108,San Diego,CA,USA,2023-08-30
C009,Robert,Rodriguez,r.rodriguez@email.com,+1-555-0109,Dallas,TX,USA,2023-09-14
C010,Amanda,Martinez,amanda.m@email.com,+1-555-0110,San Jose,CA,USA,2023-10-25
