product_id,product_name,category,price,cost,stock_quantity,supplier
P001,Wireless Bluetooth Headphones,Electronics,79.99,45.00,150,TechCorp
P002,Organic Green Tea (100 bags),Groceries,12.99,6.50,500,NaturalGoods
P003,Running Shoes - Men's,Sports,129.99,65.00,75,SportMax
P004,Stainless Steel Water Bottle,Home & Kitchen,24.99,10.00,200,HomeEssentials
P005,Python Programming Book,Books,49.99,20.00,100,BookWorld
P006,Yoga Mat Premium,Sports,39.99,15.00,120,SportMax
P007,Coffee Maker Deluxe,Home & Kitchen,89.99,40.00,60,HomeEssentials
P008,Wireless Mouse,Electronics,29.99,12.00,300,TechCorp
P009,Organic Honey (500g),Groceries,18.99,8.00,250,NaturalGoods
P010,Laptop Stand Adjustable,Electronics,59.99,25.00,80,TechCorp
P011,Running Shorts - Women's,Sports,34.99,14.00,100,SportMax
P012,LED Desk Lamp,Home & Kitchen,44.99,18.00,150,HomeEssentials
P013,Data Science Handbook,Books,59.99,25.00,75,BookWorld
P014,Protein Powder (2kg),Sports,54.99,28.00,90,SportMax
P015,Smart Watch Basic,Electronics,149.99,70.00,50,TechCorp
