sale_id,customer_id,product_id,quantity,unit_price,total_amount,sale_date,payment_method
S0001,C001,P001,1,79.99,79.99,2024-01-05,credit_card
S0002,C002,P003,1,129.99,129.99,2024-01-06,credit_card
S0003,C001,P005,2,49.99,99.98,2024-01-07,paypal
S0004,C003,P002,3,12.99,38.97,2024-01-08,debit_card
S0005,C004,P007,1,89.99,89.99,2024-01-10,credit_card
S0006,C005,P004,2,24.99,49.98,2024-01-12,paypal
S0007,C002,P006,1,39.99,39.99,2024-01-15,credit_card
S0008,C006,P008,3,29.99,89.97,2024-01-18,debit_card
S0009,C007,P010,1,59.99,59.99,2024-01-20,credit_card
S0010,C003,P009,2,18.99,37.98,2024-01-22,paypal
S0011,C008,P012,1,44.99,44.99,2024-01-25,credit_card
S0012,C009,P015,1,149.99,149.99,2024-01-28,credit_card
S0013,C010,P011,2,34.99,69.98,2024-02-01,debit_card
S0014,C001,P014,1,54.99,54.99,2024-02-05,paypal
S0015,C004,P013,1,59.99,59.99,2024-02-08,credit_card
S0016,C005,P001,1,79.99,79.99,2024-02-10,credit_card
S0017,C002,P008,2,29.99,59.98,2024-02-12,paypal
S0018,C006,P003,1,129.99,129.99,2024-02-15,credit_card
S0019,C007,P002,5,12.99,64.95,2024-02-18,debit_card
S0020,C008,P006,1,39.99,39.99,2024-02-20,credit_card
S0021,C009,P004,3,24.99,74.97,2024-02-22,paypal
S0022,C010,P007,1,89.99,89.99,2024-02-25,credit_card
S0023,C003,P010,2,59.99,119.98,2024-02-28,credit_card
S0024,C001,P012,1,44.99,44.99,2024-03-02,debit_card
S0025,C004,P015,1,149.99,149.99,2024-03-05,credit_card
